id,comment
1,"The quality is shocking, broke after just two days."
2,"I hate this product, it is the worst I have ever used."
3,"It is a satisfactory product, no real issues."
4,"Great bang for your buck, very happy with it."
5,"Awful experience, the product did not work from day one."
6,"Not bad and not great, just an average product."
7,"Delivery was prompt, product is standard quality."
8,"Loving the quality of this product, totally worth it."
9,"I was not expecting it to be this good, wow!"
10,An excellent product backed by excellent customer service.
11,"Normal delivery time, product looks as advertised."
12,"This brand never disappoints, always excellent quality."
13,"Terrible product, terrible service, just terrible."
14,"Standard quality, standard delivery, average experience."
15,"Average in all aspects, delivery and quality."
16,"The quality is disgraceful, nothing like the photos shown."
17,"Phenomenal product, I cannot recommend it enough."
18,"Absolutely awful, I have never been so let down."
19,"Very poor quality, fell apart within a week."
20,Stellar product and shipping was faster than expected.
21,"Very frustrating experience, the product never worked."
22,"Impressed with the quality, it is top of the range."
23,"Standard product, nothing to complain about."
24,"Absolutely furious with this purchase, it is a scam."
25,The worst product quality I have ever seen.
26,"Very satisfied with the purchase, would recommend to everyone."
27,"Nothing special about it, just an average item."
28,The quality is acceptable for the price point.
29,"Shocking product, broke on first use, total junk."
30,The product is mediocre but does function correctly.
31,It is what you would expect for the price.
32,"Normal quality product, arrived in expected time."
33,"This product is a game changer, highly impressed."
34,"Horribly disappointed with this, I want a refund."
35,"The quality is appalling, do not buy this product."
36,"The quality is horrendous, I want my money back."
37,"Very unhappy with my purchase, it does not work at all."
38,The best quality I have seen at this price point.
39,"Five out of five, would highly recommend this to anyone."
40,The product is adequate for the price.
41,"Such a great product, I am really happy with my purchase."
42,"Okay product, delivery was fine, nothing to complain about."
43,"Very disappointed with this purchase, complete letdown."
44,"The product does its job, no issues reported."
45,"Very poor value for money, completely not worth it."
46,The shipping was delayed and the product was wrong.
47,The product arrived late and was not what I ordered.
48,"Incredible experience from start to finish, truly amazing."
49,"Wonderful product, highly satisfied with the purchase."
50,"Terrible value for money, I want a refund immediately."
51,"I am fuming about this purchase, it is awful."
52,"Horrible experience from start to finish, avoid at all costs."
53,"Shocking quality and terrible service, avoid at all costs."
54,The quality surpassed my expectations by a mile.
55,Very happy customer! Will definitely be ordering again.
56,"The product failed immediately, do not buy this."
57,The product is fine and delivery was prompt.
58,"It functions as expected, no complaints so far."
59,The worst product quality I have ever seen.
60,"I was not expecting it to be this good, wow!"
61,"Terrible value for money, I want a refund immediately."
62,"Shocking service and terrible quality, avoid completely."
63,The quality is acceptable for the price point.
64,Very disappointed and frustrated with this purchase.
65,"Love love love this product, it is absolutely perfect."
66,The product arrived on time and works as stated.
67,"Complete disappointment, nothing worked at all."
68,"The item is okay, meets the basic requirements."
69,"Normal delivery time, product looks as advertised."
70,"Delivery was on schedule, packaging was standard."
71,Just received my order and I am over the moon!
72,Best product purchase of the year without a doubt!
73,"The quality is appalling, do not buy this product."
74,"Do not buy this, it is garbage and a waste of money."
75,The product arrived on time and works as stated.
76,"The product works, delivery was on schedule."
77,Highly satisfied with the quality and service provided.
78,This is the worst product I have ever had the misfortune of buying.
79,"Nothing special about it, just an average item."
80,"Terrible product, terrible service, just terrible."
81,"The quality is outstanding, very durable and well made."
82,"Completely failed to meet expectations, very poor."
83,"Absolutely brilliant, no issues whatsoever!"
84,Not exceptional but it serves its purpose well enough.
85,The worst product quality I have ever seen.
86,"Shocking service and terrible quality, avoid completely."
87,The product is adequate for the price.
88,"Save your money, this product does not work at all."
89,The delivery was on time and the product is as expected.
90,"The product is a total disappointment, avoid this seller."
91,Great service and the product is top notch quality.
92,"Totally in love with this product, it is so well made."
93,"Average experience, the product is neither good nor bad."
94,The worst purchasing decision I have ever made.
95,"Received the order on time, product is acceptable."
96,"I am beyond satisfied, this is simply the best!"
97,"Delivery was prompt, product is standard quality."
98,The worst value for money I have ever encountered.
99,"Typical experience, the product is functional."
100,I have never been so disappointed with a purchase.
101,Received my item quicker than expected and it is perfect.
102,"Complete waste of money, would not recommend to anyone."
103,"Okay quality product, served its purpose."
104,"The worst product I have ever purchased, truly awful."
105,"Okay product, delivery was fine, nothing to complain about."
106,"Highly recommend this, it is a fantastic product."
107,"Nothing exciting about this product, but it works."
108,"Very satisfied with the purchase, would recommend to everyone."
109,A fantastic product that delivers on every promise.
110,"I regret buying this, it is a complete disappointment."
111,The worst purchasing decision I have ever made.
112,I am extremely dissatisfied with this entire experience.
113,"Average experience, the product is neither good nor bad."
114,"The worst product I have ever purchased, truly awful."
115,"The product is worth every single cent, love it!"
116,Amazing product that has improved my life significantly.
117,"This product is absolutely terrible, do not waste your money."
118,"The product failed on the first use, terrible build."
119,I cannot stress enough how bad this product is.
120,"The product is fine, delivery was as expected."
121,"Great product and great price, what more could you ask?"
122,"Standard quality, works for my basic needs."
123,"The item is acceptable, delivery was on time."
124,"Such a great product, I am really happy with my purchase."
125,"The item is okay, meets the basic requirements."
126,"The product is fine, got what I paid for."
127,It does its job without any major complaints.
128,"The customer service is nonexistent, no response at all."
129,"Awful product, nothing like what was advertised."
130,The worst value for money I have ever encountered.
131,"I regret buying this, it is a complete disappointment."
132,"Best purchase I have made this year, highly recommend!"
133,"Love love love this product, it is absolutely perfect."
134,"The experience was typical, nothing noteworthy."
135,"I regret this purchase deeply, it is absolutely awful."
136,Very unhappy with the quality of this cheap product.
137,The product is acceptable and arrived on schedule.
138,"The product works, delivery was on schedule."
139,"The quality is disgraceful, nothing like the photos shown."
140,"It is what it is, a basic product at a basic price."
141,The customer service team was rude and dismissive.
142,So grateful for such an amazing product at this price.
143,The product is neither amazing nor terrible.
144,"Five out of five, would highly recommend this to anyone."
145,"The product is decent, meets the basic requirements."
146,The product is fine and meets the basic needs.
147,Top notch quality and exceptional customer service.
148,"Outstanding product quality, worth every penny spent."
149,Excellent build quality and great value for money.
150,"Nothing extraordinary, but not disappointing either."
151,Super impressed with how quickly my order arrived.
152,The best decision I made was buying this product.
153,"The item is satisfactory, meets my minimum needs."
154,"The product is a total disappointment, avoid this seller."
155,Exceeded my expectations in every possible way.
156,"Okay experience overall, no major issues."
157,"Arrived on time, product is as described, nothing more."
158,It is a standard product at a reasonable price.
159,Very poor quality item that fell apart quickly.
160,"Save your money, this product does not work at all."
161,The worst value for money I have ever encountered.
162,"Nothing impressive about it, but it gets the job done."
163,"It is a satisfactory product, no real issues."
164,Impressed by the premium feel and quality of the product.
165,"Top quality product, customer service was superb."
166,"I am very pleased with this product, it works perfectly."
167,"I recommended this to all my friends, it is that good."
168,"Fast delivery, great quality, very happy customer."
169,"Terrible product, terrible service, just terrible."
170,"I hate this product, it is the worst I have ever used."
171,"Absolutely in love with this product, it is perfect!"
172,I have no strong feelings about this product either way.
173,The item is acceptable for the price paid.
174,It works well enough for occasional use.
175,"Standard product, nothing to complain about."
176,Nothing about this product lives up to the description.
177,"Normal quality item, arrived when expected."
178,Impressed with the attention to detail in this product.
179,"Very disappointed with this product, not worth the price."
180,The shipping was delayed and the product was wrong.
181,The product is decent enough for everyday use.
182,The customer service was outstanding from start to finish.
183,"Very satisfied with the purchase, would recommend to everyone."
184,So grateful for such an amazing product at this price.
185,"Standard quality, works for my basic needs."
186,"Loving my new purchase, it is even better than expected."
187,"I recommended this to all my friends, it is that good."
188,I love how durable and well-made this product is.
189,"The worst product I have ever seen, do not buy!"
190,The shipping was delayed and the product was wrong.
191,The item is acceptable for the price paid.
192,Amazing product that has improved my life significantly.
193,The product lives up to all the hype and more.
194,"Ordinary product, nothing stands out about it."
195,"I cannot fault this product at all, it is brilliant."
196,"Such an excellent product, I am very impressed."
197,"Best value for money I have found, love it!"
198,"Nothing impressive about it, but it gets the job done."
199,The product works but does not stand out.
200,Excellent build quality and great value for money.
201,"Very unhappy with the service, ignored my complaint."
202,"I am extremely unhappy with this product, it is broken."
203,"This is exactly what I was looking for, perfect in every way."
204,"It is okay, I guess, nothing really to say."
205,The product is exactly as described and works flawlessly.
206,"Highly recommend this, it is a fantastic product."
207,"Fast shipping, great packaging, and amazing product!"
208,"This is exactly what I was looking for, perfect in every way."
209,"The item is okay, does what I need it to do."
210,The product is functional and meets basic needs.
211,"Do not buy this, it is garbage and a waste of money."
212,Absolutely disgusted with the quality of this product.
213,"The product is fine, got what I paid for."
214,"The product does what it claims, nothing more."
215,"The product failed immediately, do not buy this."
216,The product lives up to all the hype and more.
217,"Shocking quality and terrible service, avoid at all costs."
218,"It is what it is, a basic product at a basic price."
219,"Shocking quality and terrible service, avoid at all costs."
220,"The item is okay, not particularly impressed or disappointed."
221,"Outstanding product quality, worth every penny spent."
222,"Top quality product, customer service was superb."
223,"The product does its job, no issues reported."
224,Brilliant product! Works exactly as described.
225,"The product is completely broken, do not buy it."
226,"It is okay, nothing special but it does the job."
227,"Terrible product, terrible service, just terrible."
228,"Terrible construction quality, broke almost immediately."
229,"Super happy with my order, great quality product."
230,"I absolutely love this product, it exceeded all my expectations!"
231,The product meets my expectations without exceeding them.
232,An ordinary product with ordinary performance.
233,"Very poor value for money, completely not worth it."
234,The product is decent enough for everyday use.
235,"The product is fine, as described in the listing."
236,This product makes my daily routine so much easier.
237,Stellar product and shipping was faster than expected.
238,I have never been so disappointed with a purchase.
239,Nothing about this product lives up to the description.
240,"I am very pleased with this product, it works perfectly."
241,"I am disgusted with this purchase, do not bother."
242,"Absolutely dreadful quality, avoid this product."
243,"Arrived on time, product is as described, nothing more."
244,"The worst product I have ever purchased, truly awful."
245,"Very unhappy, this product is a complete rip-off."
246,It is what you would expect for the price.
247,"Best purchase I have made this year, highly recommend!"
248,The worst purchasing decision I have ever made.
249,"So happy I found this product, it is truly amazing."
250,"Worst purchase I have ever made, completely useless."
251,Not exceptional but it serves its purpose well enough.
252,"The product broke on first use, absolutely terrible."
253,Very disappointed and frustrated with this purchase.
254,"I cannot fault this product at all, it is brilliant."
255,"The product is fine, delivery was as expected."
256,"The product works fine, delivery was on time."
257,"Absolutely in love with this product, it is perfect!"
258,"The product failed immediately, do not buy this."
259,"Wonderful product, highly satisfied with the purchase."
260,"The item is okay, meets the basic requirements."
261,"Delivery was prompt, product is standard quality."
262,"Very disappointed with this product, not worth the price."
263,Impressed with the attention to detail in this product.
264,"The product met my expectations, nothing more."
265,Super impressed with how quickly my order arrived.
266,An okay product that does the job it needs to.
267,The product is fine and delivery was prompt.
268,"Love everything about this, will be a returning customer."
269,Impressed with the attention to detail in this product.
270,"Complete disappointment, nothing worked at all."
271,The product is acceptable and arrived on schedule.
272,"The product failed on the first use, terrible build."
273,The customer service team was incredibly helpful and friendly.
274,"I am disgusted with this purchase, do not bother."
275,Absolutely awful quality and terrible customer service.
276,"It works, that is about all I can say."
277,"It is what it is, a basic product at a basic price."
278,"Very disappointed with this product, not worth the price."
279,The product is fine and delivery was standard.
280,It arrived on time and works without issues.
281,"Love everything about this, will be a returning customer."
282,The delivery was fine and the product works okay.
283,"Okay experience overall, no major issues."
284,The item works adequately for the price paid.
285,The product arrived late and was not what I ordered.
286,"This is my go-to product now, simply the best!"
287,"I cannot fault this product at all, it is brilliant."
288,The product works but is nothing extraordinary.
289,This product makes my daily routine so much easier.
290,Average product with average delivery time.
291,"I am so happy with this purchase, it is fantastic!"
292,"Do not be fooled by the reviews, it is awful."
293,"Delighted with my purchase, it works like a dream."
294,"Complete waste of money, would not recommend to anyone."
295,"Normal quality item, arrived when expected."
296,It arrived on time and works without issues.
297,"The quality is appalling, do not buy this product."
298,"The product was broken out of the box, very unhappy."
299,"The product does what it says, nothing more."
300,"The product is decent, meets the basic requirements."
301,"So happy I found this product, it is truly amazing."
302,"It works, that is about all I can say."
303,An okay product that does the job it needs to.
304,"It does the job adequately, nothing to write home about."
305,"Terrible quality control, the product is defective."
306,It is a basic product and it works as a basic product should.
307,"The product works fine, delivery was on time."
308,"Superb quality and amazing value, could not be better."
309,"The product is decent, meets the basic requirements."
310,I have bought this three times now and it never disappoints.
311,"The product is perfect, exactly as shown in the pictures."
312,An okay product that does the job it needs to.
313,"This product is a must-have, simply outstanding."
314,I am extremely dissatisfied with this entire experience.
315,"Totally worth the price, absolutely no complaints."
316,"Received the order on time, product is acceptable."
317,"Standard product, standard delivery, standard experience."
318,The packaging was beautiful and the product is even better.
319,"Broken on arrival, customer service was no help at all."
320,"Really glad I bought this, it is an excellent product."
321,The product works but does not stand out.
322,An average product that does the job adequately.
323,"Such an excellent product, I am very impressed."
324,"It does what it is supposed to, nothing more."
325,It does its job without any major complaints.
326,"Typical experience, the product is functional."
327,The delivery was on time and the product is as expected.
328,The product is defective and customer service is awful.
329,"The product is fine, as described in the listing."
330,"Complete waste of money, would not recommend to anyone."
331,I have bought this three times now and it never disappoints.
332,A passable product that does what it should.
333,"Average quality, average price, average experience."
334,"Very poor experience, nothing worked as described."
335,Dreadful product and even worse customer service.
336,The product arrived intact and works as described.
337,"This product changed my life, I cannot imagine going back."
338,Amazing experience from order to delivery.
339,"It is a standard product, does what it needs to."
340,"Absolutely awful, I have never been so let down."
341,"Okay experience overall, no major issues."
342,"Okay quality product, served its purpose."
343,"The product is solid, reliable, and works great."
344,"The product quality is phenomenal, I am blown away."
345,The product is fine and delivery was standard.
346,The product is decent enough for everyday use.
347,"Delivery was prompt, product is standard quality."
348,The product works but does not stand out.
349,"The product is alright, no complaints or praise."
350,"The product quality is phenomenal, I am blown away."
351,"Really pleased with this purchase, excellent quality."
352,"I cannot believe how bad this product is, shocking."
353,"Wonderful experience, the team was responsive and helpful."
354,Stellar product and shipping was faster than expected.
355,The product is fine and delivery was standard.
356,"Worst purchase I have ever made, completely useless."
357,The item arrived broken and the seller refused to help.
358,"I absolutely love this product, it exceeded all my expectations!"
359,"Ordinary product, nothing stands out about it."
360,"The product is nothing like described, very misleading."
361,It is a standard product at a reasonable price.
362,"Absolutely terrible quality, not worth a single cent."
363,The item works adequately for the price paid.
364,The product is cheaply made and breaks very easily.
365,"It functions as expected, no complaints so far."
366,"Waste of time and money, the product is useless."
367,Very poor quality item that fell apart quickly.
368,"Do not buy this, it is garbage and a waste of money."
369,Impressed by the premium feel and quality of the product.
370,The worst experience I have had with any online store.
371,The order arrived as expected with standard quality.
372,Exceeded my expectations in every possible way.
373,"I would give zero stars if I could, it is that bad."
374,Impressed by the premium feel and quality of the product.
375,"Average quality, average price, average experience."
376,A fantastic product that delivers on every promise.
377,Very frustrated and disappointed with this product.
378,"The product works fine, delivery was on time."
379,"This product is absolutely terrible, do not waste your money."
380,"I cannot fault this product at all, it is brilliant."
381,"The worst product I have ever purchased, truly awful."
382,"The product is junk, does not work and looks cheap."
383,"Standard product, nothing to complain about."
384,The product is fine and meets the basic needs.
385,"Very poor experience, nothing worked as described."
386,The product meets my expectations without exceeding them.
387,"Love love love this product, it is absolutely perfect."
388,"I recommended this to all my friends, it is that good."
389,The worst customer experience I have ever encountered.
390,"The product is junk, does not work and looks cheap."
391,"The product works fine, delivery was on time."
392,"It does what it is supposed to, nothing more."
393,"The product arrived and works, as expected."
394,Very unhappy with the quality of this cheap product.
395,The item works adequately for the price paid.
396,The item arrived broken and the seller refused to help.
397,"Normal quality product, arrived in expected time."
398,"The product stopped working after three days, terrible."
399,Amazing experience from order to delivery.
400,"It works fine, the delivery was on time."
401,The product works but is nothing extraordinary.
402,"Normal experience, product works as expected."
403,It works well enough for occasional use.
404,I have no strong feelings about this product either way.
405,The product arrived on time and is as described.
406,"Five out of five, would highly recommend this to anyone."
407,"The product works, delivery was on schedule."
408,"The item is okay, does what I need it to do."
409,So grateful for such an amazing product at this price.
410,The quality surpassed my expectations by a mile.
411,The product is mediocre but does function correctly.
412,The product arrived damaged and customer service was no help.
413,"Very frustrating experience, the product never worked."
414,"This product changed my life, I cannot imagine going back."
415,Such a great find! High quality and affordable price.
416,"It does the job adequately, nothing to write home about."
417,"Fantastic customer support, they resolved my issue immediately."
418,Average product with average delivery time.
419,The product is exactly as described and works flawlessly.
420,I cannot stress enough how bad this product is.
421,Impressed with the attention to detail in this product.
422,I have never experienced such poor quality before.
423,"Incredible experience from start to finish, truly amazing."
424,The product works but is nothing extraordinary.
425,"Super happy with my order, great quality product."
426,"Terrible experience, the product stopped working quickly."
427,"The product is nothing like described, very misleading."
428,Such a great find! High quality and affordable price.
429,Highly satisfied with the quality and service provided.
430,"The item is satisfactory, meets my minimum needs."
431,Brilliant product! Works exactly as described.
432,It does its job without any major complaints.
433,A functional product with no particular highlights.
434,"Standard quality, works for my basic needs."
435,It is a basic product and it works as a basic product should.
436,The best quality I have seen at this price point.
437,It is a standard product at a reasonable price.
438,This is hands down the best product I have ever bought.
439,"Worst purchase I have ever made, completely useless."
440,Absolutely awful quality and terrible customer service.
441,"The item is acceptable, delivery was on time."
442,An ordinary product with ordinary performance.
443,"Typical experience, the product is functional."
444,Brilliant product! Works exactly as described.
445,Standard experience from order to delivery.
446,"Complete disappointment, nothing worked at all."
447,The item is acceptable for the price paid.
448,I am absolutely thrilled with my purchase!
449,The worst product quality I have ever seen.
450,"The product met my expectations, nothing more."
451,"The product is completely broken, do not buy it."
452,The order arrived as expected with standard quality.
453,"Delighted with my purchase, it works like a dream."
454,The quality is acceptable for the price point.
455,Very unhappy with the quality of this cheap product.
456,The product is completely useless and not fit for purpose.
457,"Very unhappy with the service, ignored my complaint."
458,"Do not spend your money on this, it is rubbish."
459,"So pleased with my order, arrived quickly and perfectly packaged."
460,"The product does what it claims, nothing more."
461,"The item is what I expected, no surprises either way."
462,"Arrived on time, product is as described, nothing more."
463,"I am beyond satisfied, this is simply the best!"
464,"Complete waste of money, would not recommend to anyone."
465,"This is exactly what I was looking for, perfect in every way."
466,"Such a great product, I am really happy with my purchase."
467,"The product arrived and works, as expected."
468,"Loving the quality of this product, totally worth it."
469,"Impressed with the quality, it is top of the range."
470,"The product does what it says, nothing more."
471,The product is acceptable and arrived on schedule.
472,"Terrible experience, the product stopped working quickly."
473,The customer service team was rude and dismissive.
474,"Nothing impressive about it, but it gets the job done."
475,"Absolutely useless product, do not waste your time."
476,"Loving my new purchase, it is even better than expected."
477,"Horrible experience from start to finish, avoid at all costs."
478,"Absolutely terrible, I will never buy from here again."
479,This is by far the best product in its category.
480,Amazing product that has improved my life significantly.
481,"Absolutely awful, I have never been so let down."
482,The shipping was delayed and the product was wrong.
483,The customer service was outstanding from start to finish.
484,"Best value for money I have found, love it!"
485,"Completely failed to meet expectations, very poor."
486,"Nothing impressive about it, but it gets the job done."
487,The product is neither impressive nor disappointing.
488,Super impressed with how quickly my order arrived.
489,"This product is a must-have, simply outstanding."
490,"The features are incredible, best value on the market."
491,"The product is worth every single cent, love it!"
492,"Brilliant product, does exactly what it says on the tin."
493,"Outstanding product quality, worth every penny spent."
494,"I recommended this to all my friends, it is that good."
495,"I regret this purchase deeply, it is absolutely awful."
496,"Okay experience overall, no major issues."
497,This is hands down the best product I have ever bought.
498,Nothing about this product lives up to the description.
499,"Impressed with the quality, it is top of the range."
500,The product meets my expectations without exceeding them.
501,Dreadful product and even worse customer service.
502,I am outraged by the poor quality of this product.
503,The product arrived intact and works as described.
504,The order arrived as expected with standard quality.
505,"The quality is horrendous, I want my money back."
506,"Completely failed to meet expectations, very poor."
507,An ordinary product with ordinary performance.
508,Top notch quality and exceptional customer service.
509,"It is okay, nothing special but it does the job."
510,The packaging was beautiful and the product is even better.
511,I am absolutely thrilled with my purchase!
512,"What a great product, I am really pleased with it."
513,The delivery was fine and the product works okay.
514,An average product that does the job adequately.
515,"Average in all aspects, delivery and quality."
516,"This product has made my life so much easier, love it!"
517,"Do not spend your money on this, it is rubbish."
518,"Shocking product, broke on first use, total junk."
519,"Okay quality product, served its purpose."
520,This is by far the best product in its category.
521,The worst experience I have had with any online store.
522,"Very disappointed with this purchase, complete letdown."
523,"Outstanding product quality, worth every penny spent."
524,"Standard quality, works for my basic needs."
525,Nothing about this product lives up to the description.
526,Superb product that does exactly what it promises.
527,"Nothing worked as advertised, total disappointment."
528,An excellent product backed by excellent customer service.
529,The worst value for money I have ever encountered.
530,An okay product that does the job it needs to.
531,"Absolutely useless product, do not waste your time."
532,"The worst product I have ever seen, do not buy!"
533,"Absolutely terrible quality, not worth a single cent."
534,Very happy with the overall experience from this brand.
535,"Incredible value for money, I love this product."
536,"Love everything about this, will be a returning customer."
537,"I am beyond satisfied, this is simply the best!"
538,"Works as it should, delivery was timely."
539,It does its job without any major complaints.
540,"Save your money, this product does not work at all."
541,The product arrived on time and is as described.
542,The item is acceptable for the price paid.
543,"Works well enough, nothing remarkable to note."
544,"Brilliant product, does exactly what it says on the tin."
545,"So happy I found this product, it is truly amazing."
546,Great service and the product is top notch quality.
547,"The item is okay, not particularly impressed or disappointed."
548,"I am beyond satisfied, this is simply the best!"
549,Average product with average delivery time.
550,"I regret buying this, it is a complete disappointment."
551,"This product is absolutely terrible, do not waste your money."
552,So grateful for such an amazing product at this price.
553,"Fast shipping, great packaging, and amazing product!"
554,Very disappointed and frustrated with this purchase.
555,"Best purchase I have made this year, highly recommend!"
556,The best decision I made was buying this product.
557,"Phenomenal product, I cannot recommend it enough."
558,"Incredible experience from start to finish, truly amazing."
559,An average product with average performance.
560,Super impressed with how quickly my order arrived.
561,The customer service was outstanding from start to finish.
562,The product is mediocre but does function correctly.
563,"Brilliant product, does exactly what it says on the tin."
564,"The product is average, does its job fine."
565,"Top quality product, customer service was superb."
566,"Very good quality, fast delivery, and great packaging."
567,The worst customer experience I have ever encountered.
568,This product makes my daily routine so much easier.
569,The quality surpassed my expectations by a mile.
570,I love how durable and well-made this product is.
571,"Absolutely terrible, I will never buy from here again."
572,Amazing experience from order to delivery.
573,The product is fine and meets the basic needs.
574,"Great bang for your buck, very happy with it."
575,Very impressed with the fast and reliable delivery.
576,The delivery was fine and the product works okay.
577,The product arrived on time and works as stated.
578,"Extremely poor quality for the price, very disappointed."
579,It is a basic product and it works as a basic product should.
580,"Average product, not great but not terrible either."
581,"The product is nothing like advertised, very deceptive."
582,Very happy customer! Will definitely be ordering again.
583,"I am very pleased with this product, it works perfectly."
584,"Really glad I bought this, it is an excellent product."
585,"Great product and great price, what more could you ask?"
586,The worst experience I have had with any online store.
587,Just received my order and I am over the moon!
588,"This product is a must-have, simply outstanding."
589,"The product is fine, got what I paid for."
590,"Absolutely useless product, do not waste your time."
591,The product arrived late and was not what I ordered.
592,The product is mediocre but does function correctly.
593,"Delighted with my purchase, it works like a dream."
594,"Best value for money I have found, love it!"
595,"Shocking service and terrible quality, avoid completely."
596,"Broken on arrival, customer service was no help at all."
597,I have never been so disappointed with a purchase.
598,"The product is fine, got what I paid for."
599,"Works well enough, nothing remarkable to note."
600,Excellent build quality and great value for money.
601,"The product does what it claims, nothing more."
602,"The product broke on first use, absolutely terrible."
603,"Amazing quality and super fast delivery, will definitely buy again!"
604,The best quality I have seen at this price point.
605,"This product failed immediately, total waste of cash."
606,"Typical experience, the product is functional."
607,The product is completely useless and not fit for purpose.
608,The product is fine and meets the basic needs.
609,"Terrible quality, arrived damaged and does not work."
610,Delivery was extremely late and the product was defective.
611,The product arrived on time and works as stated.
612,"The product functions well, delivery was fine."
613,"Could not be happier with my purchase, truly fantastic."
614,"Average experience, the product is neither good nor bad."
615,"Standard quality, standard delivery, average experience."
616,"It is a standard product, does what it needs to."
617,"The quality is disgraceful, nothing like the photos shown."
618,I have never experienced such poor quality before.
619,"Works well enough, nothing remarkable to note."
620,"The quality is shocking, broke after just two days."
621,"What a great product, I am really pleased with it."
622,"The product met my expectations, nothing more."
623,"The product is average, does its job fine."
624,A passable product that does what it should.
625,"Extremely poor quality for the price, very disappointed."
626,"It is okay, nothing special but it does the job."
627,"Totally worth the price, absolutely no complaints."
628,"Fantastic quality, will definitely recommend to others."
629,"Nothing worked as advertised, total disappointment."
630,The best decision I made was buying this product.
631,Superb product that does exactly what it promises.
632,"The quality is disgraceful, nothing like the photos shown."
633,"The product is junk, does not work and looks cheap."
634,"Average product, not great but not terrible either."
635,"The quality is outstanding, very durable and well made."
636,"So pleased with my order, arrived quickly and perfectly packaged."
637,The product is neither amazing nor terrible.
638,"Phenomenal product, I cannot recommend it enough."
639,"Terrible value for money, I want a refund immediately."
640,"Average in all aspects, delivery and quality."
641,"Awful product, nothing like what was advertised."
642,"The product was broken out of the box, very unhappy."
643,"The product functions well, delivery was fine."
644,The product is completely useless and not fit for purpose.
645,"Absolutely brilliant, no issues whatsoever!"
646,Excellent build quality and great value for money.
647,"The product is alright, works for the most part."
648,"Terrible quality, arrived damaged and does not work."
649,"Not bad and not great, just an average product."
650,Very poor quality item that fell apart quickly.
651,"The experience was typical, nothing noteworthy."
652,"Broken on arrival, customer service was no help at all."
653,"It is a standard product, does what it needs to."
654,"The quality is appalling, do not buy this product."
655,"I regret this purchase deeply, it is absolutely awful."
656,Brilliant product! Works exactly as described.
657,"Terrible value for money, I want a refund immediately."
658,"So pleased with my order, arrived quickly and perfectly packaged."
659,"It functions as expected, no complaints so far."
660,It works well enough for occasional use.
661,"Terrible construction quality, broke almost immediately."
662,The customer service team was rude and dismissive.
663,"It works fine, the delivery was on time."
664,The product is exactly as described and works flawlessly.
665,"Shocking product, broke on first use, total junk."
666,The packaging was beautiful and the product is even better.
667,The product arrived intact and works as described.
668,"The product stopped working after three days, terrible."
669,"Standard quality, standard delivery, average experience."
670,The product is neither impressive nor disappointing.
671,"Totally useless product, I want my money back now."
672,"Fantastic customer support, they resolved my issue immediately."
673,Exceeded my expectations in every possible way.
674,"Extremely poor quality for the price, very disappointed."
675,"Completely misleading product description, very unhappy."
676,"It is a satisfactory product, no real issues."
677,"The item is acceptable, delivery was on time."
678,"The item is okay, not particularly impressed or disappointed."
679,"Perfect in every way, I could not ask for more."
680,The product is neither amazing nor terrible.
681,"The quality is shocking, broke after just two days."
682,The product is decent enough for everyday use.
683,"I was not expecting it to be this good, wow!"
684,"Shocking customer service, rude and completely unhelpful."
685,"Average experience, the product is neither good nor bad."
686,"Standard product, standard delivery, standard experience."
687,I cannot stress enough how bad this product is.
688,"The product met my expectations, nothing more."
689,"Very dissatisfied, this product is a complete waste."
690,"I cannot believe how bad this product is, shocking."
691,"It is what it is, a basic product at a basic price."
692,"Completely misleading product description, very unhappy."
693,Such a great find! High quality and affordable price.
694,"It is okay, nothing special but it does the job."
695,The product works but is nothing extraordinary.
696,"Very unhappy with my purchase, it does not work at all."
697,"Absolutely furious with this purchase, it is a scam."
698,"Worst experience ever, product was completely wrong."
699,"Very unhappy, this product is a complete rip-off."
700,"Nothing extraordinary, but not disappointing either."
701,"Love everything about this, will be a returning customer."
702,"Terrible experience, the product stopped working quickly."
703,The product is fine for everyday basic use.
704,"Very unhappy with my purchase, it does not work at all."
705,A functional product with no particular highlights.
706,"Average product, not great but not terrible either."
707,"I was not expecting it to be this good, wow!"
708,Amazing product that has improved my life significantly.
709,"The product quality is phenomenal, I am blown away."
710,"Really pleased with this purchase, excellent quality."
711,"The item is satisfactory, meets my minimum needs."
712,"The product is nothing like described, very misleading."
713,"Totally useless product, I want my money back now."
714,"Normal quality item, arrived when expected."
715,"The product is nothing like advertised, very deceptive."
716,An average product that does the job adequately.
717,"Delighted with my purchase, it works like a dream."
718,The product is defective and customer service is awful.
719,"Standard product, standard delivery, standard experience."
720,"Absolutely brilliant, no issues whatsoever!"
721,Great service and the product is top notch quality.
722,"This product changed my life, I cannot imagine going back."
723,"Amazing quality and super fast delivery, will definitely buy again!"
724,"This product is a must-have, simply outstanding."
725,Best product purchase of the year without a doubt!
726,"The customer service is nonexistent, no response at all."
727,Average product with average delivery time.
728,The best quality I have seen at this price point.
729,Exceeded my expectations in every possible way.
730,"Absolutely useless product, do not waste your time."
731,Amazing experience from order to delivery.
732,A fantastic product that delivers on every promise.
733,"Very poor quality, fell apart within a week."
734,"Nothing exciting about this product, but it works."
735,"The experience was typical, nothing noteworthy."
736,"The product is nothing like described, very misleading."
737,"Fast delivery, excellent packaging, perfect product."
738,This is hands down the best product I have ever bought.
739,"Normal experience, product works as expected."
740,I am extremely dissatisfied with this entire experience.
741,Absolutely awful quality and terrible customer service.
742,"Shocking product, broke on first use, total junk."
743,"I hate this product, it is the worst I have ever used."
744,The item arrived broken and the seller refused to help.
745,"The features are incredible, best value on the market."
746,"Loving my new purchase, it is even better than expected."
747,"Nothing exciting about this product, but it works."
748,"Fast delivery, great quality, very happy customer."
749,It is a standard product at a reasonable price.
750,"Nothing special about it, just an average item."
751,Best product purchase of the year without a doubt!
752,Very frustrated and disappointed with this product.
753,"Do not be fooled by the reviews, it is awful."
754,"The quality is shocking, broke after just two days."
755,"Nothing exciting about this product, but it works."
756,Very happy with the overall experience from this brand.
757,"Awful product, nothing like what was advertised."
758,"The worst product I have ever seen, do not buy!"
759,An average product with average performance.
760,"Absolutely dreadful quality, avoid this product."
761,"The product functions well, delivery was fine."
762,"Broken on arrival, customer service was no help at all."
763,"This product changed my life, I cannot imagine going back."
764,I have bought this three times now and it never disappoints.
765,"Totally useless product, I want my money back now."
766,"Terrible quality control, the product is defective."
767,"Very poor value for money, completely not worth it."
768,"The item is satisfactory, meets my minimum needs."
769,"I am fuming about this purchase, it is awful."
770,"The quality is horrendous, I want my money back."
771,"I absolutely love this product, it exceeded all my expectations!"
772,The delivery was on time and the product is as expected.
773,"Totally in love with this product, it is so well made."
774,"Worst experience ever, product was completely wrong."
775,"This is my go-to product now, simply the best!"
776,"Fast delivery, excellent packaging, perfect product."
777,The worst customer experience I have ever encountered.
778,The worst purchasing decision I have ever made.
779,"Fantastic quality, will definitely recommend to others."
780,"It is okay, I guess, nothing really to say."
781,Absolutely disgusted with the quality of this product.
782,Not exceptional but it serves its purpose well enough.
783,"Terrible construction quality, broke almost immediately."
784,"It does the job adequately, nothing to write home about."
785,"The features are incredible, best value on the market."
786,"Extremely poor quality for the price, very disappointed."
787,I am outraged by the poor quality of this product.
788,This is the worst product I have ever had the misfortune of buying.
789,Very impressed with the fast and reliable delivery.
790,"The product works fine, meets basic requirements."
791,"Incredible value for money, I love this product."
792,"I am extremely unhappy with this product, it is broken."
793,The customer service was outstanding from start to finish.
794,The delivery was fine and the product works okay.
795,"The quality is outstanding, very durable and well made."
796,Superb product that does exactly what it promises.
797,"Nothing worked as advertised, total disappointment."
798,"Very unhappy with the service, ignored my complaint."
799,The product is exactly as described and works flawlessly.
800,The product is completely useless and not fit for purpose.
801,"Shocking customer service, rude and completely unhelpful."
802,"The product is perfect, exactly as shown in the pictures."
803,Very happy with the overall experience from this brand.
804,The product is neither impressive nor disappointing.
805,Just received my order and I am over the moon!
806,"The item is what I expected, no surprises either way."
807,"Awful experience, the product did not work from day one."
808,"The item is acceptable, delivery was on time."
809,The quality is acceptable for the price point.
810,Superb product that does exactly what it promises.
811,"The item is okay, does what I need it to do."
812,"Such a great product, I am really happy with my purchase."
813,"This product has made my life so much easier, love it!"
814,This is by far the best product in its category.
815,The product is fine for everyday basic use.
816,"The product is junk, does not work and looks cheap."
817,"Totally useless product, I want my money back now."
818,The product is cheaply made and breaks very easily.
819,"Highly recommend this, it is a fantastic product."
820,"I regret buying this, it is a complete disappointment."
821,An excellent product backed by excellent customer service.
822,"Wonderful experience, the team was responsive and helpful."
823,"What a great product, I am really pleased with it."
824,Stellar product and shipping was faster than expected.
825,"Ordinary product, nothing stands out about it."
826,"It is okay, I guess, nothing really to say."
827,"Terrible customer service, they ignored all my emails."
828,"I am extremely unhappy with this product, it is broken."
829,"The item is what I expected, no surprises either way."
830,"The product is nothing like advertised, very deceptive."
831,The product is defective and customer service is awful.
832,"Awful experience, the product did not work from day one."
833,"Average product, not great but not terrible either."
834,The product arrived late and was not what I ordered.
835,"The item is okay, not particularly impressed or disappointed."
836,"Very unhappy with my purchase, it does not work at all."
837,The product is cheaply made and breaks very easily.
838,"Great bang for your buck, very happy with it."
839,"Very poor quality, fell apart within a week."
840,"Shocking service and terrible quality, avoid completely."
841,"Normal delivery time, product looks as advertised."
842,Delivery was extremely late and the product was defective.
843,"Very dissatisfied, this product is a complete waste."
844,"Delivery was on schedule, packaging was standard."
845,"Horrible experience from start to finish, avoid at all costs."
846,Dreadful product and even worse customer service.
847,"Terrible quality control, the product is defective."
848,The customer service team was incredibly helpful and friendly.
849,Top notch quality and exceptional customer service.
850,"The product failed immediately, do not buy this."
851,"The product is decent, meets the basic requirements."
852,It is what you would expect for the price.
853,"The product is worth every single cent, love it!"
854,Five stars! The product arrived on time and works perfectly.
855,"Normal quality product, arrived in expected time."
856,"I am disgusted with this purchase, do not bother."
857,"Very unhappy, this product is a complete rip-off."
858,"Super happy with my order, great quality product."
859,"Totally in love with this product, it is so well made."
860,"Such an excellent product, I am very impressed."
861,"I would give zero stars if I could, it is that bad."
862,"This product failed immediately, total waste of cash."
863,"The product works, delivery was on schedule."
864,Impressed by the premium feel and quality of the product.
865,"The experience was typical, nothing noteworthy."
866,"Totally worth the price, absolutely no complaints."
867,"Completely misleading product description, very unhappy."
868,"Completely misleading product description, very unhappy."
869,"Very poor experience, nothing worked as described."
870,"Absolutely terrible quality, not worth a single cent."
871,Very poor quality item that fell apart quickly.
872,Highly satisfied with the quality and service provided.
873,"Average in all aspects, delivery and quality."
874,"Nothing extraordinary, but not disappointing either."
875,Standard experience from order to delivery.
876,Highly satisfied with the quality and service provided.
877,I have bought this three times now and it never disappoints.
878,Not exceptional but it serves its purpose well enough.
879,The product is functional and meets basic needs.
880,"Incredible value for money, I love this product."
881,"Nothing extraordinary, but not disappointing either."
882,The quality surpassed my expectations by a mile.
883,"Totally in love with this product, it is so well made."
884,Standard experience from order to delivery.
885,"The product is worth every single cent, love it!"
886,"I am so happy with this purchase, it is fantastic!"
887,"Works as it should, delivery was timely."
888,I have never experienced such poor quality before.
889,"The product works fine, meets basic requirements."
890,"Terrible customer service, they ignored all my emails."
891,"Worst experience ever, product was completely wrong."
892,"Works as advertised, delivery was normal."
893,Delivery was extremely late and the product was defective.
894,"Awful product, nothing like what was advertised."
895,"Terrible customer service, they ignored all my emails."
896,"Amazing quality and super fast delivery, will definitely buy again!"
897,The customer service team was incredibly helpful and friendly.
898,"Works as it should, delivery was timely."
899,Just received my order and I am over the moon!
900,Five stars! The product arrived on time and works perfectly.
901,Five stars! The product arrived on time and works perfectly.
902,"Could not be happier with my purchase, truly fantastic."
903,I love how durable and well-made this product is.
904,"Perfect in every way, I could not ask for more."
905,The product is functional and meets basic needs.
906,An average product with average performance.
907,"Best purchase I have made this year, highly recommend!"
908,"I absolutely love this product, it exceeded all my expectations!"
909,A passable product that does what it should.
910,It is what you would expect for the price.
911,"Very poor value for money, completely not worth it."
912,"It works fine, the delivery was on time."
913,"Shocking customer service, rude and completely unhelpful."
914,"Absolutely terrible quality, not worth a single cent."
915,"Loving the quality of this product, totally worth it."
916,"The product is alright, no complaints or praise."
917,"Fast shipping, great packaging, and amazing product!"
918,"Worst experience ever, product was completely wrong."
919,The customer service team was incredibly helpful and friendly.
920,"This product is a game changer, highly impressed."
921,"Superb quality and amazing value, could not be better."
922,"It does what it is supposed to, nothing more."
923,"Works well enough, nothing remarkable to note."
924,"I would give zero stars if I could, it is that bad."
925,"Okay product, delivery was fine, nothing to complain about."
926,"The product failed on the first use, terrible build."
927,Very impressed with the fast and reliable delivery.
928,I am absolutely thrilled with my purchase!
929,"Very good quality, fast delivery, and great packaging."
930,"It functions as expected, no complaints so far."
931,The product lives up to all the hype and more.
932,"The product is alright, works for the most part."
933,I am outraged by the poor quality of this product.
934,The product is neither impressive nor disappointing.
935,"Standard quality, standard delivery, average experience."
936,"Horribly disappointed with this, I want a refund."
937,"Really glad I bought this, it is an excellent product."
938,It arrived on time and works without issues.
939,Received my item quicker than expected and it is perfect.
940,This is the worst product I have ever had the misfortune of buying.
941,Very disappointed and frustrated with this purchase.
942,The product is adequate for the price.
943,"Perfect in every way, I could not ask for more."
944,"Superb quality and amazing value, could not be better."
945,"Absolutely furious with this purchase, it is a scam."
946,"I am disgusted with this purchase, do not bother."
947,"Completely failed to meet expectations, very poor."
948,"It does the job adequately, nothing to write home about."
949,"The product is solid, reliable, and works great."
950,"Horribly disappointed with this, I want a refund."
951,Best product purchase of the year without a doubt!
952,"This product has made my life so much easier, love it!"
953,I am absolutely thrilled with my purchase!
954,"Great product and great price, what more could you ask?"
955,It is a basic product and it works as a basic product should.
956,"Save your money, this product does not work at all."
957,I cannot stress enough how bad this product is.
958,"Not bad and not great, just an average product."
959,"Okay quality product, served its purpose."
960,"So pleased with my order, arrived quickly and perfectly packaged."
961,This is hands down the best product I have ever bought.
962,I have no strong feelings about this product either way.
963,"It is a satisfactory product, no real issues."
964,"This is my go-to product now, simply the best!"
965,The product is cheaply made and breaks very easily.
966,"Nothing special about it, just an average item."
967,An excellent product backed by excellent customer service.
968,"Terrible quality, arrived damaged and does not work."
969,"I cannot believe how bad this product is, shocking."
970,"The product is nothing like advertised, very deceptive."
971,"Really pleased with this purchase, excellent quality."
972,The product meets my expectations without exceeding them.
973,"Works as advertised, delivery was normal."
974,"Horrible experience from start to finish, avoid at all costs."
975,Absolutely awful quality and terrible customer service.
976,"It is okay, I guess, nothing really to say."
977,"Loving the quality of this product, totally worth it."
978,"Amazing quality and super fast delivery, will definitely buy again!"
979,Very happy with the overall experience from this brand.
980,"This product has made my life so much easier, love it!"
981,Dreadful product and even worse customer service.
982,"The product is alright, no complaints or praise."
983,A functional product with no particular highlights.
984,The delivery was on time and the product is as expected.
985,"The product is average, does its job fine."
986,"Really pleased with this purchase, excellent quality."
987,The product is fine for everyday basic use.
988,"The item is okay, does what I need it to do."
989,The worst customer experience I have ever encountered.
990,"Do not buy this, it is garbage and a waste of money."
991,"I am fuming about this purchase, it is awful."
992,"The product is a total disappointment, avoid this seller."
993,"It works fine, the delivery was on time."
994,Five stars! The product arrived on time and works perfectly.
995,An average product with average performance.
996,Great service and the product is top notch quality.
997,"Brilliant product, does exactly what it says on the tin."
998,"The product is fine, as described in the listing."
999,This product makes my daily routine so much easier.
1000,"I cannot believe how bad this product is, shocking."
1001,"This product is a game changer, highly impressed."
1002,"Very dissatisfied, this product is a complete waste."
1003,"This is exactly what I was looking for, perfect in every way."
1004,"Five out of five, would highly recommend this to anyone."
1005,"The product failed on the first use, terrible build."
1006,"Do not be fooled by the reviews, it is awful."
1007,"Really glad I bought this, it is an excellent product."
1008,"Very disappointed with this purchase, complete letdown."
1009,The product is fine and delivery was standard.
1010,"Very disappointed with this product, not worth the price."
1011,The product arrived damaged and customer service was no help.
1012,"Great product and great price, what more could you ask?"
1013,"Absolutely furious with this purchase, it is a scam."
1014,"Fast delivery, great quality, very happy customer."
1015,This is the worst product I have ever had the misfortune of buying.
1016,I love how durable and well-made this product is.
1017,"Absolutely terrible, I will never buy from here again."
1018,The product lives up to all the hype and more.
1019,The product arrived intact and works as described.
1020,"Incredible experience from start to finish, truly amazing."
1021,"The features are incredible, best value on the market."
1022,"Nothing worked as advertised, total disappointment."
1023,"Normal delivery time, product looks as advertised."
1024,"The product is solid, reliable, and works great."
1025,"This is my go-to product now, simply the best!"
1026,"Loving my new purchase, it is even better than expected."
1027,"Very unhappy with the service, ignored my complaint."
1028,The product is functional and meets basic needs.
1029,"Worst purchase I have ever made, completely useless."
1030,"Impressed with the quality, it is top of the range."
1031,"I am extremely unhappy with this product, it is broken."
1032,"I am so happy with this purchase, it is fantastic!"
1033,Received my item quicker than expected and it is perfect.
1034,Very frustrated and disappointed with this product.
1035,I am outraged by the poor quality of this product.
1036,"The product stopped working after three days, terrible."
1037,The order arrived as expected with standard quality.
1038,The product is defective and customer service is awful.
1039,"Absolutely awful, I have never been so let down."
1040,"Absolutely in love with this product, it is perfect!"
1041,"Very unhappy, this product is a complete rip-off."
1042,"Ordinary product, nothing stands out about it."
1043,I have never been so disappointed with a purchase.
1044,"Normal experience, product works as expected."
1045,"The item is what I expected, no surprises either way."
1046,Delivery was extremely late and the product was defective.
1047,"The product is a total disappointment, avoid this seller."
1048,"It works, that is about all I can say."
1049,"Works as advertised, delivery was normal."
1050,"Works as it should, delivery was timely."
